name,price,image
Monitor LG 19m38a Led 19 Negro 100v/240v,"$0,00",Sin imagen
"Monitor Gamer 27"" LG Full Hd 240Hz 1Ms | 27GP750-B","$0,00",Sin imagen
"Monitor Gamer 27"" LG UltraFine IPS 4K 60Hz 5Ms | 27US500-W","$0,00",Sin imagen
"Monitor Led 34"" LG Ultrawide WFHD 21:9 HDR10 75Hz 5Ms | 34WP500","$0,00",Sin imagen
"Monitor Gamer 24"" LG Full Hd 180Hz 1Ms Freesync | 24GS60F","$0,00",Sin imagen
"Monitor Gamer 24"" LG Full Hd IPS 100Hz 5Ms | 24MS500","$0,00",Sin imagen
"Monitor Gamer 27"" LG UltraGear Ips QHD HDR10 200Hz 1Ms | 27GS75Q","$0,00",Sin imagen
"Monitor Led 19.5"" LG Hd 60Hz 5Ms | 20MK400","$0,00",Sin imagen
"Monitor Led 20"" LG Hd 75Hz 5Ms | 20U401A-B","$0,00",Sin imagen
"Monitor Gamer 27"" LG Nano Ips QHD HDR400 180Hz 1Ms | 27GS85Q","$0,00",Sin imagen
"Monitor Gamer 27"" LG UltraGear 4K 144Hz 1Ms | 27GR93U","$0,00",Sin imagen
"Monitor Gamer 27"" LG Full Hd 100Hz 5Ms | 27MS500","$0,00",Sin imagen
