proveedor,name,price,image
Xienan,P47 Auricular inalámbrico Bluetooth - Blanco,1078,/images/p47-auricular-inalambrico-bluetooth-blanco-2.jpg
Xienan,P47 Auricular inalámbrico Bluetooth - Blanco,Precio no disponible,/images/p47-auricular-inalambrico-bluetooth-blanco-3.jpg
Xienan,P47 Auricular inalámbrico Bluetooth - Azul,Precio no disponible,/images/p47-auricular-inalambrico-bluetooth-azul-1.jpg
Xienan,P47 Auricular inalámbrico Bluetooth - Verde,Precio no disponible,/images/p47-auricular-inalambrico-bluetooth-verde-1.jpg
Xienan,P47 Auricular inalámbrico Bluetooth - Rojo,Precio no disponible,/images/p47-auricular-inalambrico-bluetooth-rojo-1.jpg
Xienan,APPLE Earpods 3.5 mm - A1472,Precio no disponible,/images/apple-earpods-3-5-mm-a1472-1.jpg
Xienan,KLIP XTREME XTREMEBUDS Auriculares Deportivos  - BT - Negro - KTE500BK,Precio no disponible,/images/klip-xtreme-xtremebuds-auriculares-deportivos-bt-n-1.jpg
Xienan,FOXBOX Auriculares Boost Pop   Micrófono - 3.5mm - NEGRO,Precio no disponible,/images/foxbox-auriculares-boost-pop-microfono-3-5mm-negro-1.jpg
Xienan,ALÓ Auriculares Sharp - 3.5mm - microfono  - Colores Varios,Precio no disponible,/images/alo-auriculares-sharp-3-5mm-microfono-colores-vari-1.jpg
Xienan,FOXBOX Auriculares Boost Link Pro   Micrófono - Control de Volúmen - Type-C - Negro - Blanco,Precio no disponible,/images/foxbox-auriculares-boost-link-pro-microfono-contro-1.jpg
Xienan,KLIP XTREME Auricular Touchbuds - IPX3 - Verde Agua,Precio no disponible,/images/klip-xtreme-auricular-touchbuds-ipx3-verde-agua-1.jpg
Xienan,KLIP XTREME Auriculares Edgebuds Pro - Carga Inalambrica - Cancel Ruido - Blanco - KTE750WH,Precio no disponible,/images/klip-xtreme-auriculares-edgebuds-pro-carga-inalamb-2.png
Xienan,LENOVO Auricular LP40 Pro - Cancelación de Ruido - IPX5 - Rosa,Precio no disponible,/images/lenovo-auricular-lp40-pro-cancelacion-de-ruido-ipx-2.png
Xienan,LENOVO Auricular LP40 Pro - Cancelación de Ruido - IPX5 - Lila,Precio no disponible,/images/lenovo-auricular-lp40-pro-cancelacion-de-ruido-ipx-3.png
Xienan,MONSTER Auricular XKT03 - Cancelación de Ruido - Baja Latencia - Gamer - Bobina Metálica - Negro,Precio no disponible,/images/monster-auricular-xkt03-cancelacion-de-ruido-baja-1.png
Xienan,Auricular Bluetooth Pop It St91 - Varios colores,Precio no disponible,/images/auricular-bluetooth-pop-it-st91-varios-colores-1.png
Xienan,LENOVO Auricular Gaming XG02 - Cancelación de Ruido - Baja Latencia - Blanco,Precio no disponible,/images/lenovo-auricular-gaming-xg02-cancelacion-de-ruido-1.jpg
Xienan,KLIP XTREME Auricular ZoundBuds - IPX4 - Azul,Precio no disponible,/images/klip-xtreme-auricular-zoundbuds-ipx4-azul-1.jpg
Xienan,KLIP XTREME Auriculares Style - Azul,Precio no disponible,/images/klip-xtreme-auriculares-style-azul-1.png
Xienan,Oferta,Precio no disponible,/images/oferta-1.jpg
Xienan,NISUTA Kit De herramientas 60 Piezas - NS-K8918,3604,/images/nisuta-kit-de-herramientas-60-piezas-ns-k8918-2.png
Xienan,NISUTA Kit De herramientas 60 Piezas - NS-K8918,Precio no disponible,/images/nisuta-kit-de-herramientas-60-piezas-ns-k8918-3.png
Xienan,FOXBOX Engage Soporte Imantado para celular en automóvil - Negro - Plateado,Precio no disponible,/images/foxbox-engage-soporte-imantado-para-celular-en-aut-1.jpg
Xienan,FOXBOX Soporte Para Auto Sopapa Bracket - Rojo - Azul - Negro,Precio no disponible,/images/foxbox-soporte-para-auto-sopapa-bracket-rojo-azul-1.png
Xienan,KLIP XTREME Auriculares Edgebuds Pro - Carga Inalambrica - Cancel Ruido - Blanco - KTE750WH,Precio no disponible,/images/klip-xtreme-auriculares-edgebuds-pro-carga-inalamb-3.png
Xienan,FOXBOX RIDE - Soporte Para Auto con Carga Inalámbrica - 15W,Precio no disponible,/images/foxbox-ride-soporte-para-auto-con-carga-inalambric-1.jpg
Xienan,GADNIC Hamaca Paraguaya Colgante,Precio no disponible,/images/gadnic-hamaca-paraguaya-colgante-1.jpg
Xienan,FOXBOX Arrancador Para Vehículos 3 en 1 + Powerbank Celular 12K + Linterna,Precio no disponible,/images/foxbox-arrancador-para-vehiculos-3-en-1-powerbank-1.png
Xienan,SOUTH PORT Conservador Plegable - HELA0003,Precio no disponible,/images/south-port-conservador-plegable-hela0003-1.jpg
Xienan,FOXBOX Energy Charge 6.5K - 3 en 1 - Cargador - Power Bank -  Carga Inalámbrica,Precio no disponible,/images/foxbox-energy-charge-6-5k-3-en-1-cargador-power-ba-1.png
Xienan,XIAOMI Compresor Inflador Portatil 2 - Black,Precio no disponible,/images/xiaomi-compresor-inflador-portatil-2-black-1.png
Xienan,KLIP XTREME Soporte Monitor 17 a 27 pulg - p/Escritorio - KMM-400,Precio no disponible,/images/klip-xtreme-soporte-monitor-17-a-27-pulg-p-escrito-1.png
Xienan,XTECH Escritorio un nivel - Natural Beige - AM100XTK20,Precio no disponible,/images/xtech-escritorio-un-nivel-natural-beige-am100xtk20-1.png
Xienan,XTECH Silla Spider Man Miles Morales Edition - Licencia Original Marvel - AM160XTK25,Precio no disponible,/images/xtech-silla-spider-man-miles-morales-edition-licen-1.png
Xienan,"IMIKI By Imilab TG1 - 1,43' AMOLED - Funcion Llamada - IP68 - Presion - Black",Precio no disponible,/images/imiki-by-imilab-tg1-143-amoled-funcion-llamada-ip6-1.jpg
Xienan,XTECH Silla Minnie Mouse Edition - Licencia Disney Original - XTF-DC001MM,Precio no disponible,/images/xtech-silla-minnie-mouse-edition-licencia-disney-o-1.png
Xienan,MOULINEX Vita Tostadora 720W -  Negra,Precio no disponible,/images/moulinex-vita-tostadora-720w-negra-1.png
Xienan,MOULINEX Molinillo De Café,Precio no disponible,/images/moulinex-molinillo-de-cafe-1.png
Xienan,MOULINEX Exprimidor Ultra Compact - Negro,Precio no disponible,/images/moulinex-exprimidor-ultra-compact-negro-1.png
Xienan,APPLE Watch Series 9 GPS 41mm - Aluminium Case - Sport Loop - Midnight,Precio no disponible,/images/apple-watch-series-9-gps-41mm-aluminium-case-sport-1.jpg
Xienan,GATEWAY By Acer Ultra Slim - R7-3700U - 16GB- 1TB SSD - 15.6 FHD IPS - W11 - Carbon Gray - De REGALO  Mochila,Precio no disponible,/images/gateway-by-acer-ultra-slim-r7-3700u-16gb-1tb-ssd-1-1.jpg
Xienan,APPLE Watch SE (2nd Gen) GPS 44mm - Aluminium Case - Sport Loop - Midnight/Silver Case,Precio no disponible,/images/apple-watch-se-2nd-gen-gps-44mm-aluminium-case-spo-1.jpg
Xienan,MOULINEX Cafetera Dolce Gusto Piccolo xs - Negra,Precio no disponible,/images/moulinex-cafetera-dolce-gusto-piccolo-xs-negra-1.png
Xienan,T&G Parlante Bluetooth Portátil TG-104 - Negro,Precio no disponible,/images/t-g-parlante-bluetooth-portatil-tg-104-negro-1.png
Xienan,XIENAN Kit Premium Vino Saca corcho Tapones Cortador - 9 piezas,Precio no disponible,/images/xienan-kit-premium-vino-saca-corcho-tapones-cortad-1.png
Xienan,T&G Parlante Bluetooth Portátil - TG-149 - Rojo,Precio no disponible,/images/t-g-parlante-bluetooth-portatil-tg-149-rojo-1.png
Xienan,"SCYKEI Movis By CK - Amoled 2,1 Curvo 60Hz - Music - GPS - Llamada - Natacion - Titanium",Precio no disponible,/images/scykei-movis-by-ck-amoled-21-curvo-60hz-music-gps-1.jpg
Xienan,"SCYKEI Civis By CK - Amoled 2,1 Curvo 60Hz - Llamada - Black",Precio no disponible,/images/scykei-civis-by-ck-amoled-21-curvo-60hz-llamada-bl-1.jpg
Xienan,XIAOMI Redmi Pad SE 8.7' (6/128) - SIM Card - Grey,Precio no disponible,/images/xiaomi-redmi-pad-se-8-7-6-128-sim-card-grey-1.jpg
Xienan,"IMIKI By Imilab TG2 - 1,43' AMOLED - Funcion Llamada - IP68 - Presion - Silver",Precio no disponible,/images/imiki-by-imilab-tg2-143-amoled-funcion-llamada-ip6-1.jpg
Xienan,"IMIKI By Imilab ST1 - 1,78' AMOLED - Funcion Llamada -  IP67 - Negro",Precio no disponible,/images/imiki-by-imilab-st1-178-amoled-funcion-llamada-ip6-1.jpg
Xienan,"IMIKI By Imilab ST2 - 1,96' TFT - Funcion Llamada -  IP68 - Azul",Precio no disponible,/images/imiki-by-imilab-st2-196-tft-funcion-llamada-ip68-a-1.jpg
Xienan,"IMIKI By Imilab ST2 - 1,96' TFT - Funcion Llamada -  IP68 - Rosa/Dorado",Precio no disponible,/images/imiki-by-imilab-st2-196-tft-funcion-llamada-ip68-r-1.jpg
Xienan,NEXXT Camara de Seguridad Interior PTZ - 2K - 2.4/5Ghz - IR - De REGALO Fuente,Precio no disponible,/images/nexxt-camara-de-seguridad-interior-ptz-2k-2-4-5ghz-1.jpg
Xienan,NEXXT Camara de Seguridad Interior Turret - 2K  - 5MP - IR - De REGALO Fuente,Precio no disponible,/images/nexxt-camara-de-seguridad-interior-turret-2k-5mp-i-1.jpg
Xienan,NEXXT Bombilla LED inteligente Wi-Fi 220V - A19 - NHB-C120,Precio no disponible,/images/nexxt-bombilla-led-inteligente-wi-fi-220v-a19-nhb-1.jpg
Xienan,XIAOMI Redmi A5 (4/128GB) - Ocean Blue - De REGALO Cargador Auto Foxbox Way,Precio no disponible,/images/xiaomi-redmi-a5-4-128gb-ocean-blue-de-regalo-carga-1.jpg
Xienan,XIAOMI Redmi A5 (4/128GB) - Sandy Gold - De REGALO Cargador Auto Foxbox Way,Precio no disponible,/images/xiaomi-redmi-a5-4-128gb-sandy-gold-de-regalo-carga-1.jpg
Xienan,LENOVO Auricular BT SupraAural TA330 - Black,Precio no disponible,/images/lenovo-auricular-bt-supraaural-ta330-black-1.jpg
Xienan,LENOVO Auricular BT X3 Pro - Conducción Ósea - IP56  - Negro,Precio no disponible,/images/lenovo-auricular-bt-x3-pro-conduccion-osea-ip56-ne-1.jpg
Xienan,LENOVO Auricular BT LP3 Pro - Black,Precio no disponible,/images/lenovo-auricular-bt-lp3-pro-black-1.jpg
Xienan,JBL Wave Flex - Black,Precio no disponible,/images/jbl-wave-flex-black-1.png
Xienan,JBL Wave Flex - White,Precio no disponible,/images/jbl-wave-flex-white-1.png
Xienan,SONY PS5 PlayStation 5 Slim 1 TB -- Digital - Returnal + Ratchet Bundle - Mod CFI-2015,Precio no disponible,/images/sony-ps5-playstation-5-slim-1-tb-digital-returnal-1.jpg
Xienan,XIAOMI Redmi Pad SE 8.7' (6/128) - Grey,Precio no disponible,/images/xiaomi-redmi-pad-se-8-7-6-128-grey-1.jpg
Xienan,SCYKEI Malla De Silicona y Cuero - 22mm - Apta modelo CIVIS y MOVIS - Negro y Gris,Precio no disponible,/images/scykei-malla-de-silicona-y-cuero-22mm-apta-modelo-1.jpg
